ID,TIME,DV,AMT,WT,AGE,SEX,SCR,ALT,AST,EVID,CMT,MDV,BSA,predicted_value
101,0.0,0.0,200,65,45,1,0.8,32,28,1,1,0,1.72,120.2635359560071
101,0.5,28.5,0,65,45,1,0.8,32,28,0,1,0,1.72,120.2635359560071
101,1.0,42.7,0,65,45,1,0.8,32,28,0,1,0,1.72,120.2635359560071
101,2.0,35.1,0,65,45,1,0.8,32,28,0,1,0,1.72,120.2635359560071
102,0.0,0.0,180,58,32,0,0.7,25,22,1,1,0,1.63,118.72329625168122
102,0.5,31.2,0,58,32,0,0.7,25,22,0,1,0,1.63,118.72329625168122
102,1.0,48.9,0,58,32,0,0.7,25,22,0,1,0,1.63,118.72329625168122
102,2.0,38.4,0,58,32,0,0.7,25,22,0,1,0,1.63,118.72329625168122
103,0.0,0.0,220,75,56,1,1.1,42,38,1,1,0,1.89,125.08469338362431
103,0.5,25.8,0,75,56,1,1.1,42,38,0,1,0,1.89,125.08469338362431
103,1.0,38.5,0,75,56,1,1.1,42,38,0,1,0,1.89,125.08469338362431
103,2.0,30.2,0,75,56,1,1.1,42,38,0,1,0,1.89,125.08469338362431
